<odoo>
	<data noupdate="1">
		<record id='operation_type_merchant_transfer' model="stock.picking.type">
			<field name="name">Merchant transfer</field>
			<field name="sequence_id" ref="cms.seq_merchant_transfer"></field>
			<field name="code">internal</field>
			<field name="show_entire_packs">True</field>			
			<field name="default_location_src_id" ref="stock.stock_location_stock"></field>
			<field name="default_location_dest_id" ref="stock.stock_location_locations_partner"></field>
		</record>
	</data>
</odoo>