id,name,model_id:id,group_id:id,perm_read,perm_write,perm_create,perm_unlink
card_type_manage,card_type_manage,model_card_type,,1,1,1,1
card_period_manage,card_period_manage,model_card_period,,1,1,1,1
card_history_manage,card_history_manage,model_card_history,,1,1,1,1
card_category_manage,card_category_manage,model_card_category,,1,1,1,1
card_card_manage,card_card_manage,model_card_card,,1,1,1,1
card_card_membership,card.membership,model_card_membership,,1,1,1,1
card_card_box,card.box,model_card_box,,1,1,1,1
reason.for.card,reason.for.card,model_reason_for_card,,1,1,1,1
